content|author
80% of your success in your career will come from just showing up. The world is run by those who show up ... not those who wait to be asked.|Steve Blank
If you take care of your people, your people will take care of your customers, and your business will take care of itself.|JW Marriott
It is health that is real wealth and not pieces of gold and silver.|Mahatma Gandhi
Being in control of your life and having realistic expectations about your day-to-day challenges are the keys to stress management, which is perhaps the most important ingredient to living a happy, healthy and rewarding life.|Marilu Henner
You know, all that really matters is that the people you love are happy and healthy. Everything else is just sprinkles on the sundae.|Paul Walker
Water, air, and cleanness are the chief articles in my pharmacy.|Napoleon Bonaparte
I believe that the greatest gift you can give your family and the world is a healthy you.|Joyce Meyer
The medical literature tells us that the most effective ways to reduce the risk of heart disease, cancer, stroke, diabetes, Alzheimer's, and many more problems are through healthy diet and exercise. Our bodies have evolved to move, yet we now use the energy in oil instead of muscles to do our work.|David Suzuki
Sleep is that golden chain that ties health and our bodies together.|Thomas Dekker
A healthy attitude is contagious but don't wait to catch it from others. Be a carrier.|Tom Stoppard
You're in pretty good shape for the shape you are in.|Dr. Seuss
Early to bed and early to rise makes a man healthy, wealthy and wise.|Benjamin Franklin
Good health is not something we can buy. However, it can be an extremely valuable savings account.|Anne Wilson Schaef
It takes more than just a good looking body. You've got to have the heart and soul to go with it.|Epictetus
The first wealth is health.|Ralph Waldo Emerson
Everybody needs beauty as well as bread, places to play in and pray in, where nature may heal and give strength to body and soul.|John Muir
The wish for healing has always been half of health.|Lucius Annaeus Seneca
When wealth is lost, nothing is lost; when health is lost, something is lost; when character is lost, all is lost.|Billy Graham
Health is not valued till sickness comes.|Thomas Fuller
Healing is a matter of time, but it is sometimes also a matter of opportunity.|Hippocrates
We can make a commitment to promote vegetables and fruits and whole grains on every part of every menu. We can make portion sizes smaller and emphasize quality over quantity. And we can help create a culture - imagine this - where our kids ask for healthy options instead of resisting them.|Michelle Obama
A healthy outside starts from the inside.|Robert Urich
If you're happy, if you're feeling good, then nothing else matters.|Robin Wright
My body is like breakfast, lunch, and dinner. I don't think about it, I just have it.|Arnold Schwarzenegger
Rest when you're weary. Refresh and renew yourself, your body, your mind, your spirit. Then get back to work.|Ralph Marston
There's nothing more important than our good health - that's our principal capital asset.|Arlen Specter
My personal goals are to be happy, healthy and to be surrounded by loved ones.|Kiana Tom
I think the healthy way to live is to make friends with the beast inside oneself, and that means not the beast but the shadow. The dark side of one's nature. Have fun with it and you know, is to accept everything about ourselves.|Anthony Hopkins
Cheerfulness is the best promoter of health and is as friendly to the mind as to the body.|Joseph Addison
Be careful about reading health books. You may die of a misprint.|Mark Twain
But the real secret to lifelong good health is actually the opposite: Let your body take care of you.|Deepak Chopra
Natural forces within us are the true healers of disease.|Hippocrates
It's no longer a question of staying healthy. It's a question of finding a sickness you like.|Jackie Mason
A wise man should consider that health is the greatest of human blessings, and learn how by his own thought to derive benefit from his illnesses.|Hippocrates
I made a commitment to completely cut out drinking and anything that might hamper me from getting my mind and body together. And the floodgates of goodness have opened upon me - spiritually and financially.|Denzel Washington
The art of healing comes from nature, not from the physician. Therefore the physician must start from nature, with an open mind.|Paracelsus
A desire to be in charge of our own lives, a need for control, is born in each of us. It is essential to our mental health, and our success, that we take control.|Robert Foster Bennett
The way you think, the way you behave, the way you eat, can influence your life by 30 to 50 years.|Deepak Chopra
The healthy man does not torture others - generally it is the tortured who turn into torturers.|Carl Jung
Health is the soul that animates all the enjoyments of life, which fade and are tasteless without it.|Lucius Annaeus Seneca
Treasure the love you receive above all. It will survive long after your good health has vanished.|Og Mandino
True silence is the rest of the mind, and is to the spirit what sleep is to the body, nourishment and refreshment.|William Penn
A man is not rightly conditioned until he is a happy, healthy, and prosperous being; and happiness, health, and prosperity are the result of a harmonious adjustment of the inner with the outer of the man with his surroundings.|James Allen
Use your health, even to the point of wearing it out. That is what it is for. Spend all you have before you die; do not outlive yourself.|George Bernard Shaw
Looking after my health today gives me a better hope for tomorrow.|Anne Wilson Schaef
Give a man health and a course to steer, and he'll never stop to trouble about whether he's happy or not.|George Bernard Shaw
The health care system is really designed to reward you for being unhealthy. If you are a healthy person and work hard to be healthy, there are no benefits.|Mike Huckabee
Pay mind to your own life, your own health, and wholeness. A bleeding heart is of no help to anyone if it bleeds to death.|Frederick Buechner
He who has health, has hope; and he who has hope, has everything.|Thomas Carlyle
The groundwork of all happiness is health.|Leigh Hunt
Your body hears everything your mind says.|Naomi Judd
The winners in life treat their body as if it were a magnificent spacecraft that gives them the finest transportation and endurance for their lives.|Denis Waitley
I just want to be healthy and stay alive and keep my family going and everything and keep my friends going and try to do something so that this world will be peaceful. That is the most ambitious and the most difficult thing, but I'm there trying to do it.|Yoko Ono
It's better to be healthy alone than sick with someone else.|Phil McGraw
Attention to health is life's greatest hindrance.|Plato
Investing in health will produce enormous benefits.|Gro Harlem Brundtland
Man needs difficulties; they are necessary for health.|Carl Jung
Twenty years from now you will be more disappointed by the things you didn't do than by the ones you did do. So throw off the bowlines. Sail away from the safe harbor. Catch the trade winds in your sails. Explore. Dream. Discover.|Mark Twain
Fools rush in where angels fear to tread.|Edmund Burke
For every minute you are angry you lose sixty seconds of happiness.|Ralph Waldo Emerson
Travel is the only thing that makes you richer.|Anonymous
You might have more talent than me, you might be smarter than me, you might be sexier than me, you might be all of those things you got it on me in nine categories. But if we get on the treadmill together, there's two things: You're getting off first, or I'm going to die. It's really that simple, right?|Will Smith
The only thing standing between you and your goal is the bullsh*t story you keep telling yourself as to why you can't achieve it.|The Wolf of Wall Street
A ship is safe in harbor, but that's not what ships are for.|William G.T. Shedd
I have never let my schooling interfere with my education.|Mark Twain
Everyone that you fight is not your enemy and everyone who helps you is not your friend.|Mike Tyson
Read, but not to remember everything. Read because that 1% that you remember has the potential to change your life.|CJ Mahane
If you can't explain it to a six year old, you don't understand it yourself.|Albert Einstein
If you want to build a ship, don't drum up the people to gather wood, divide the work, and give orders. Instead, teach them to yearn for the vast and endless sea.|Antoine De Saint-Exupery
Remembering that you are going to die is the best way I know to avoid the trap of thinking you have something to lose. You are already naked. There is no reason not to follow your heart.|Steve Jobs
The fool didn't know it was impossible, so he did it.|Anonymous
Innovation is rewarded.  Execution is worshipped.|Dan Gilbert
I have not failed. I've just found 10000 ways that won't work.|Thomas Edison
A fool with a plan can outsmart a genius with no plan any day.|T. Boone Pickens
Do all things with love.|Og Mandino
The evil that is in the world almost always comes of ignorance, and good intentions may do as much harm as malevolence if they lack understanding.|Albert Camus
If you wish to be loved, show more of your faults than your virtues.|Edward G. Bulwer-Lytton
If you can learn to love yourself and all the flaws, you can love other people so much better. And that makes you so happy.|Kristin Chenoweth
A loving heart is the beginning of all knowledge.|Thomas Carlyle
Love is an emotion experienced by the many and enjoyed by the few.|George Jean Nathan
There can be no deep disappointment where there is not deep love.|Martin Luther King, Jr.
Love is the flower you've got to let grow.|John Lennon
I have found the paradox, that if you love until it hurts, there can be no more hurt, only more love.|Mother Teresa
Man must evolve for all human conflict a method which rejects revenge, aggression and retaliation. The foundation of such a method is love.|Martin Luther King, Jr.
In love the paradox occurs that two beings become one and yet remain two.|Erich Fromm
Blessed is the influence of one true, loving human soul on another.|George Eliot
Time is too slow for those who wait, too swift for those who fear, too long for those who grieve, too short for those who rejoice, but for those who love, time is eternity.|Henry Van Dyke
Love knows not distance; it hath no continent; its eyes are for the stars.|Gilbert Parker
Stolen kisses are always sweetest.|Leigh Hunt
Love and compassion are necessities, not luxuries. Without them humanity cannot survive.|Dalai Lama
I have decided to stick with love. Hate is too great a burden to bear.|Martin Luther King, Jr.
Love is a game that two can play and both win.|Eva Gabor
There is no remedy for love but to love more.|Henry David Thoreau
I love that feeling of being in love, the effect of having butterflies when you wake up in the morning. That is special.|Jennifer Aniston
Love is that condition in which the happiness of another person is essential to your own... Jealousy is a disease, love is a healthy condition. The immature mind often mistakes one for the other, or assumes that the greater the love, the greater the jealousy.|Robert A. Heinlein
Love is like a beautiful flower which I may not touch, but whose fragrance makes the garden a place of delight just the same.|Helen Keller
Love yourself first and everything else falls into line. You really have to love yourself to get anything done in this world.|Lucille Ball
Gravitation is not responsible for people falling in love.|Albert Einstein
Love is being stupid together.|Paul Valery
Love is when he gives you a piece of your soul, that you never knew was missing.|Torquato Tasso
True love is eternal, infinite, and always like itself. It is equal and pure, without violent demonstrations: it is seen with white hairs and is always young in the heart.|Honore de Balzac
Love is the wisdom of the fool and the folly of the wise.|Samuel Johnson
The course of true love never did run smooth.|William Shakespeare
Kindness in words creates confidence. Kindness in thinking creates profoundness. Kindness in giving creates love.|Lao Tzu
Spread love everywhere you go. Let no one ever come to you without leaving happier.|Mother Teresa
The best proof of love is trust.|Joyce Brothers
Love has no age, no limit; and no death.|John Galsworthy
When love is not madness, it is not love.|Pedro Calderon de la Barca
Love is like a friendship caught on fire. In the beginning a flame, very pretty, often hot and fierce, but still only light and flickering. As love grows older, our hearts mature and our love becomes as coals, deep-burning and unquenchable.|Bruce Lee
All my life, my heart has yearned for a thing I cannot name.|Andre Breton
We're born alone, we live alone, we die alone. Only through our love and friendship can we create the illusion for the moment that we're not alone.|Orson Welles
A woman knows the face of the man she loves as a sailor knows the open sea.|Honore de Balzac
Love is a force more formidable than any other. It is invisible - it cannot be seen or measured, yet it is powerful enough to transform you in a moment, and offer you more joy than any material possession could.|Barbara de Angelis
The first duty of love is to listen.|Paul Tillich
We loved with a love that was more than love.|Edgar Allan Poe
We love life, not because we are used to living but because we are used to loving.|Friedrich Nietzsche
I believe that imagination is stronger than knowledge. That myth is more potent than history. That dreams are more powerful than facts. That hope always triumphs over experience. That laughter is the only cure for grief. And I believe that love is stronger than death.|Robert Fulghum
Love is composed of a single soul inhabiting two bodies.|Aristotle
Love doesn't make the world go 'round. Love is what makes the ride worthwhile.|Franklin P. Jones
A flower cannot blossom without sunshine, and man cannot live without love.|Max Muller
A kiss is a lovely trick designed by nature to stop speech when words become superfluous.|Ingrid Bergman
Being deeply loved by someone gives you strength, while loving someone deeply gives you courage.|Lao Tzu
The sweetest of all sounds is that of the voice of the woman we love.|Jean de la Bruyere
Friends can help each other. A true friend is someone who lets you have total freedom to be yourself - and especially to feel. Or, not feel. Whatever you happen to be feeling at the moment is fine with them. That's what real love amounts to - letting a person be what he really is.|Jim Morrison
Love is when the other person's happiness is more important than your own.|H. Jackson Brown, Jr.
Where there is love there is life.|Mahatma Gandhi
Love is friendship that has caught fire. It is quiet understanding, mutual confidence, sharing and forgiving. It is loyalty through good and bad times. It settles for less than perfection and makes allowances for human weaknesses.|Ann Landers
The best thing to hold onto in life is each other.|Audrey Hepburn
Sometimes the heart sees what is invisible to the eye.|H. Jackson Brown, Jr.
Keep love in your heart. A life without it is like a sunless garden when the flowers are dead.|Oscar Wilde
The most powerful weapon on earth is the human soul on fire.|Ferdinand Foch
Let us always meet each other with smile, for the smile is the beginning of love.|Mother Teresa
Love isn't something you find. Love is something that finds you.|Loretta Young
Immature love says: 'I love you because I need you.' Mature love says 'I need you because I love you.'|Erich Fromm
At times our own light goes out and is rekindled by a spark from another person. Each of us has cause to think with deep gratitude of those who have lighted the flame within us.|Albert Schweitzer
Coincidence is the word we use when we can't see the levers and pulleys.|Emma Bull
The world is so unpredictable. Things happen suddenly, unexpectedly. We want to feel we are in control of our own existence. In some ways we are, in some ways we're not. We are ruled by the forces of chance and coincidence.|Paul Auster
Once is happenstance. Twice is coincidence. Three times is enemy action.|Ian Fleming
It may be coincidence that the decline of newspapers has corresponded with the rise of social media. Or maybe not.|Ryan Holmes
Every single moment is a coincidence.|Douglas Coupland
There is always room for coincidence.|Alva Noto
I don't believe in coincidence.|Juliette Binoche
Coincidence is logical.|Johan Cruyff
Whosoever desires constant success must change his conduct with the times.|Niccolo Machiavelli
Opportunity does not knock, it presents itself when you beat down the door.|Kyle Chandler
Only the educated are free|Epictetus
One way to keep momentum going is to have constantly greater goals|Michael Korda
One may miss the mark by aiming too high as too low|Thomas Fuller
No matter how many goals you have achieved, you must set your sights on a higher one|Jessica Savitch
Always do your best. What you plant now, you will harvest later.|Og Mandino
The best and most beautiful things in the world cannot be seen or even touched - they must be felt with the heart.|Helen Keller
You must be the change you wish to see in the world.|Mahatma Gandhi
It is during our darkest moments that we must focus to see the light.|Aristotle Onassis
Don't judge each day by the harvest you reap but by the seeds that you plant.|Robert Louis Stevenson
Try to be like the turtle - at ease in your own shell.|Bill Copeland
Find a place inside where there's joy, and the joy will burn out the pain.|Joseph Campbell
Even if I knew that tomorrow the world would go to pieces, I would still plant my apple tree.|Martin Luther
Hope is a waking dream.|Aristotle
Happiness resides not in possessions, and not in gold, happiness dwells in the soul.|Democritus
I hated every minute of training, but I said, 'Don't quit. Suffer now and live the rest of your life as a champion.'|Muhammad Ali
Nothing is impossible, the word itself says 'I'm possible'!|Audrey Hepburn
Your present circumstances don't determine where you can go; they merely determine where you start.|Nido Qubein
What we achieve inwardly will change outer reality.|Plutarch
If you accept the expectations of others, especially negative ones, then you never will change the outcome.|Michael Jordan
Change your thoughts and you change your world.|Norman Vincent Peale
We can't help everyone, but everyone can help someone.|Ronald Reagan
Believe you can and you're halfway there.|Theodore Roosevelt
Every moment and every event of every man's life on earth plants something in his soul.|Thomas Merton
I can't change the direction of the wind, but I can adjust my sails to always reach my destination.|Jimmy Dean
We must let go of the life we have planned, so as to accept the one that is waiting for us.|Joseph Campbell
Put your heart, mind, and soul into even your smallest acts. This is the secret of success.|Swami Sivananda
As we express our gratitude, we must never forget that the highest appreciation is not to utter words, but to live by them.|John F. Kennedy
What lies behind you and what lies in front of you, pales in comparison to what lies inside of you.|Ralph Waldo Emerson
Today I choose life. Every morning when I wake up I can choose joy, happiness, negativity, pain... To feel the freedom that comes from being able to continue to make mistakes and choices - today I choose to feel life, not to deny my humanity but embrace it.|Kevyn Aucoin
Enthusiasm moves the world.|Arthur Balfour
You must do the things you think you cannot do.|Eleanor Roosevelt
I am prepared for the worst, but hope for the best.|Benjamin Disraeli
In a gentle way, you can shake the world.|Mahatma Gandhi
It is never too late to be what you might have been.|George Eliot
Don't limit yourself. Many people limit themselves to what they think they can do. You can go as far as your mind lets you. What you believe, remember, you can achieve.|Mary Kay Ash
It is always the simple that produces the marvellous.|Amelia Barr
The fact that I can plant a seed and it becomes a flower, share a bit of knowledge and it becomes another's, smile at someone and receive a smile in return, are to me continual spiritual exercises.|Leo Buscaglia
Follow your bliss and the universe will open doors where there were only walls.|Joseph Campbell
Once I knew only darkness and stillness... my life was without past or future... but a little word from the fingers of another fell into my hand that clutched at emptiness, and my heart leaped to the rapture of living.|Helen Keller
Cherish your visions and your dreams as they are the children of your soul, the blueprints of your ultimate achievements.|Napoleon Hill
Don't let the fear of striking out hold you back.|Babe Ruth
There are two ways of spreading light: to be the candle or the mirror that reflects it.|Edith Wharton
I believe that one defines oneself by reinvention. To not be like your parents. To not be like your friends. To be yourself. To cut yourself out of stone.|Henry Rollins
Whoever is happy will make others happy too.|Anne Frank
Be faithful to that which exists within yourself.|Andre Gide
The best way out is always through.|Robert Frost
A place for everything, everything in its place.|Benjamin Franklin
In oneself lies the whole world and if you know how to look and learn, the door is there and the key is in your hand. Nobody on earth can give you either the key or the door to open, except yourself.|Jiddu Krishnamurti
Wonder rather than doubt is the root of all knowledge.|Abraham Joshua Heschel
If we did all the things we are capable of, we would literally astound ourselves.|Thomas A. Edison
Thinking: the talking of the soul with itself.|Plato
Show me your hands. Do they have scars from giving? Show me your feet. Are they wounded in service? Show me your heart. Have you left a place for divine love?|Fulton J. Sheen
Only those who have learned the power of sincere and selfless contribution experience life's deepest joy: true fulfilment.|Tony Robbins
When the sun is shining I can do anything; no mountain is too high, no trouble too difficult to overcome.|Wilma Rudolph
What great thing would you attempt if you knew you could not fail?|Robert H. Schuller
You change your life by changing your heart.|Max Lucado
We know what we are, but know not what we may be.|William Shakespeare
Thought is the wind, knowledge the sail, and mankind the vessel.|Augustus Hare
The most authentic thing about us is our capacity to create, to overcome, to endure, to transform, to love and to be greater than our suffering.|Ben Okri
Yesterday we obeyed kings and bent our necks before emperors. But today we kneel only to truth, follow only beauty, and obey only love.|Khalil Gibran
Miracles are a retelling in small letters of the very same story which is written across the whole world in letters too large for some of us to see.|C. S. Lewis
It is in your moments of decision that your destiny is shaped.|Tony Robbins
With self-discipline most anything is possible.|Theodore Roosevelt
The only journey is the one within.|Rainer Maria Rilke
Belief creates the actual fact.|William James
If opportunity doesn't knock, build a door.|Milton Berle
A compliment is something like a kiss through a veil.|Victor Hugo
Everyone here has the sense that right now is one of those moments when we are influencing the future.|Steve Jobs
Give light, and the darkness will disappear of itself.|Desiderius Erasmus
Let us dream of tomorrow where we can truly love from the soul, and know love as the ultimate truth at the heart of all creation.|Michael Jackson
Tears of joy are like the summer rain drops pierced by sunbeams.|Hosea Ballou
We have it in our power to begin the world over again.|Thomas Paine
There is nothing stronger in the world than gentleness.|Han Suyin
A man has to learn that he cannot command things, but that he can command himself; that he cannot coerce the wills of others, but that he can mold and master his own will: and things serve him who serves Truth; people seek guidance of him who is master of himself.|James Allen
If it were not for hopes, the heart would break.|Thomas Fuller
Love and desire are the spirit's wings to great deeds.|Johann Wolfgang von Goethe
It is only in sorrow bad weather masters us; in joy we face the storm and defy it.|Amelia Barr
Noble deeds that are concealed are most esteemed.|Blaise Pascal
Do your little bit of good where you are; its those little bits of good put together that overwhelm the world.|Desmond Tutu
When deeds speak, words are nothing.|Pierre-Joseph Proudhon
I believe there's an inner power that makes winners or losers. And the winners are the ones who really listen to the truth of their hearts.|Sylvester Stallone
As knowledge increases, wonder deepens.|Charles Morgan
Tears are often the telescope by which men see far into heaven.|Henry Ward Beecher
Let your life lightly dance on the edges of Time like dew on the tip of a leaf.|Rabindranath Tagore
A human being has so many skins inside, covering the depths of the heart. We know so many things, but we don't know ourselves! Why, thirty or forty skins or hides, as thick and hard as an ox's or bear's, cover the soul. Go into your own ground and learn to know yourself there.|Meister Eckhart
Each day provides its own gifts.|Marcus Aurelius
The power of imagination makes us infinite.|John Muir
It is not ignorance but knowledge which is the mother of wonder.|Joseph Wood Krutch
Grace is the beauty of form under the influence of freedom.|Friedrich Schiller
And now, this is the sweetest and most glorious day that ever my eyes did see.|Donald Cargill
Turn your face to the sun and the shadows fall behind you.|Charlotte Whitton
Great hopes make great men.|Thomas Fuller
Learning how to be still, to really be still and let life happen - that stillness becomes a radiance.|Morgan Freeman
Nurture your minds with great thoughts. To believe in the heroic makes heroes.|Benjamin Disraeli
Someone is sitting in the shade today because someone planted a tree a long time ago.|Warren Buffett
Man never made any material as resilient as the human spirit.|Bernard Williams
When we seek to discover the best in others, we somehow bring out the best in ourselves.|William Arthur Ward
What makes the desert beautiful is that somewhere it hides a well.|Antoine de Saint-Exupery
The books that help you most are those which make you think that most. The hardest way of learning is that of easy reading; but a great book that comes from a great thinker is a ship of thought, deep freighted with truth and beauty.|Pablo Neruda
Be brave enough to live life creatively. The creative place where no one else has ever been.|Alan Alda
Just don't give up trying to do what you really want to do. Where there is love and inspiration, I don't think you can go wrong.|Ella Fitzgerald
It is by acts and not by ideas that people live.|Anatole France
You have to make it happen.|Denis Diderot
The authentic self is the soul made visible.|Sarah Ban Breathnach
Happiness is the natural flower of duty.|Phillips Brooks
We relish news of our heroes, forgetting that we are extraordinary to somebody too.|Helen Hayes
When you have a dream, you've got to grab it and never let go.|Carol Burnett
Let each man exercise the art he knows.|Aristophanes
Think with your whole body.|Taisen Deshimaru
Ideas shape the course of history.|John Maynard Keynes
I believe it is in my nature to dance by virtue of the beat of my heart, the pulse of my blood and the music in my mind.|Robert Fulghum
If the world seems cold to you, kindle fires to warm it.|Lucy Larcom
Success consists of going from failure to failure without loss of enthusiasm.|Winston Churchill
In order to succeed, your desire for success should be greater than your fear of failure.|Bill Cosby
Success is not final, failure is not fatal: it is the courage to continue that counts.|Winston Churchill
You have enemies? Good. That means you've stood up for something, sometime in your life.|Winston Churchill
Try not to become a man of success, but rather try to become a man of value.|Albert Einstein
Always be yourself, express yourself, have faith in yourself, do not go out and look for a successful personality and duplicate it.|Bruce Lee
Take up one idea. Make that one idea your life - think of it, dream of it, live on that idea. Let the brain, muscles, nerves, every part of your body, be full of that idea, and just leave every other idea alone. This is the way to success.|Swami Vivekananda
Think twice before you speak, because your words and influence will plant the seed of either success or failure in the mind of another.|Napoleon Hill
A successful man is one who can lay a firm foundation with the bricks others have thrown at him.|David Brinkley
Always bear in mind that your own resolution to succeed is more important than any other.|Abraham Lincoln
I don't know the key to success, but the key to failure is trying to please everybody.|Bill Cosby
I don't measure a man's success by how high he climbs but how high he bounces when he hits bottom.|George S. Patton
The difference between a successful person and others is not a lack of strength, not a lack of knowledge, but rather a lack of will.|Vince Lombardi
Coming together is a beginning; keeping together is progress; working together is success.|Henry Ford
I've failed over and over and over again in my life and that is why I succeed.|Michael Jordan
Don't aim for success if you want it; just do what you love and believe in, and it will come naturally.|David Frost
Success is to be measured not so much by the position that one has reached in life as by the obstacles which he has overcome.|Booker T. Washington
Formal education will make you a living; self-education will make you a fortune.|Jim Rohn
Develop success from failures. Discouragement and failure are two of the surest stepping stones to success.|Dale Carnegie
Success is a lousy teacher. It seduces smart people into thinking they can't lose.|Bill Gates
Action is the foundational key to all success.|Pablo Picasso
I honestly think it is better to be a failure at something you love than to be a success at something you hate.|George Burns
A person with a new idea is a crank until the idea succeeds.|Mark Twain
Defeat is not the worst of failures. Not to have tried is the true failure.|George Edward Woodberry
Success is a science; if you have the conditions, you get the result.|Oscar Wilde
Failure is success if we learn from it.|Malcolm Forbes
The most important single ingredient in the formula of success is knowing how to get along with people.|Theodore Roosevelt
If you have no critics you'll likely have no success.|Malcolm X
Frustration, although quite painful at times, is a very positive and essential part of success.|Bo Bennett
Success or failure depends more upon attitude than upon capacity successful men act as though they have accomplished or are enjoying something. Soon it becomes a reality. Act, look, feel successful, conduct yourself accordingly, and you will be amazed at the positive results.|William James
Success is getting what you want. Happiness is wanting what you get.|Dale Carnegie
Man needs his difficulties because they are necessary to enjoy success.|A. P. J. Abdul Kalam
Once you agree upon the price you and your family must pay for success, it enables you to ignore the minor hurts, the opponent's pressure, and the temporary failures.|Vince Lombardi
The successful man will profit from his mistakes and try again in a different way.|Dale Carnegie
Pray that success will not come any faster than you are able to endure it.|Elbert Hubbard
There is only one success - to be able to spend your life in your own way.|Christopher Morley
Do not go where the path may lead, go instead where there is no path and leave a trail.|Ralph Waldo Emerson
Experience is not what happens to you; it's what you do with what happens to you.|Aldous Huxley
The only true wisdom is in knowing you know nothing.|Socrates
If you're trying to achieve, there will be roadblocks. I've had them; everybody has had them. But obstacles don't have to stop you. If you run into a wall, don't turn around and give up. Figure out how to climb it, go through it, or work around it.|Michael Jordan
The pessimist complains about the wind; the optimist expects it to change; the realist adjusts the sails.|William Arthur Ward
If you talk to a man in a language he understands, that goes to his head. If you talk to him in his language, that goes to his heart.|Nelson Mandela
A man must be big enough to admit his mistakes, smart enough to profit from them, and strong enough to correct them.|John C. Maxwell
Imagination is more important than knowledge.|Albert Einstein
Honesty is the first chapter in the book of wisdom.|Thomas Jefferson
I'd rather regret the things I've done than regret the things I haven't done.|Lucille Ball
Beware of false knowledge; it is more dangerous than ignorance.|George Bernard Shaw
It's not what you look at that matters, it's what you see.|Henry David Thoreau
The more you like yourself, the less you are like anyone else, which makes you unique.|Walt Disney
Discipline is the bridge between goals and accomplishment.|Jim Rohn
A fool flatters himself, a wise man flatters the fool.|Edward G. Bulwer-Lytton
Winners never quit and quitters never win.|Vince Lombardi
Adopt the pace of nature: her secret is patience.|Ralph Waldo Emerson
A little knowledge that acts is worth infinitely more than much knowledge that is idle.|Khalil Gibran
Be happy. It's one way of being wise.|Sidonie Gabrielle Colette
The man of knowledge must be able not only to love his enemies but also to hate his friends.|Friedrich Nietzsche
Honesty is the best policy.|Benjamin Franklin
We are made wise not by the recollection of our past, but by the responsibility for our future.|George Bernard Shaw
We should not judge people by their peak of excellence; but by the distance they have traveled from the point where they started.|Henry Ward Beecher
From the errors of others, a wise man corrects his own.|Publilius Syrus
If you only have a hammer, you tend to see every problem as a nail.|Abraham Maslow
Nothing that you have not given away will ever be really yours.|C. S. Lewis
Whatever you do in life, surround yourself with smart people who'll argue with you.|John Wooden
A good decision is based on knowledge and not on numbers.|Plato
Turn your wounds into wisdom.|Oprah Winfrey
It requires wisdom to understand wisdom: the music is nothing if the audience is deaf.|Walter Lippmann
The way you see people is the way you treat them, and the way you treat them is what they become.|Johann Wolfgang von Goethe
Never tell people how to do things. Tell them what to do and they will surprise you with their ingenuity.|George S. Patton
It's better to be a lion for a day than a sheep all your life.|Elizabeth Kenny
A poem begins in delight and ends in wisdom.|Robert Frost
Give me a lever long enough and a fulcrum on which to place it, and I shall move the world.|Archimedes
A tree is known by its fruit; a man by his deeds. A good deed is never lost; he who sows courtesy reaps friendship, and he who plants kindness gathers love.|Saint Basil
The truth is not for all men, but only for those who seek it.|Ayn Rand
Patience is the companion of wisdom.|Saint Augustine
Wisdom is the reward you get for a lifetime of listening when you'd have preferred to talk.|Doug Larson
Nobody can give you wiser advice than yourself.|Marcus Tullius Cicero
It is better to risk starving to death then surrender. If you give up on your dreams, what's left?|Jim Carrey
To conquer fear is the beginning of wisdom.|Bertrand Russell
No man was ever wise by chance.|Lucius Annaeus Seneca
Knowledge is of no value unless you put it into practice.|Anton Chekhov
Honesty is the rarest wealth anyone can possess, and yet all the honesty in the world ain't lawful tender for a loaf of bread.|Josh Billings
A prudent question is one-half of wisdom.|Francis Bacon
The greatest obstacle to discovery is not ignorance - it is the illusion of knowledge.|Daniel J. Boorstin
Knowledge is proud that it knows so much; wisdom is humble that it knows no more.|William Cowper
Repeat anything often enough and it will start to become you.|Tom Hopkins
The less you talk, the more you're listened to.|Pauline Phillips
Great minds discuss ideas; average minds discuss events; small minds discuss people.|Marie Curie
The mediocre regret their words more than their silence; finer men regret their silence more than their words; the magnificent has nothing to regret.|Nassim Taleb
The difference between successful people and very successful people is that very successful people say 'no' to almost everything.|Warren Buffett
A jug fills drop by drop.|Buddha
All that we are is the result of what we have thought. If a man speaks or acts with an evil thought, pain follows him. If a man speaks or acts with a pure thought, happiness follows him, like a shadow that never leaves him.|Buddha
Holding on to anger is like grasping a hot coal with the intent of throwing it at someone else; you are the one who gets burned.|Buddha
However many holy words you read, however many you speak, what good will they do you if you do not act on upon them?|Buddha
In a controversy the instant we feel anger we have already ceased striving for the truth, and have begun striving for ourselves.|Buddha
It is better to conquer yourself than to win a thousand battles. Then the victory is yours. It cannot be taken from you, not by angels or by demons, heaven or hell.|Buddha
Peace comes from within. Do not seek it without.|Buddha
Let us rise up and be thankful, for if we didn't learn a lot today, at least we learned a little, and if we didn't learn a little, at least we didn't get sick, and if we got sick, at least we didn't die; so, let us all be thankful.|Buddha
The only real failure in life is not to be true to the best one knows.|Buddha
It is better to travel well than to arrive.|Buddha
To be beautiful means to be yourself. You don't need to be accepted by others. You need to accept yourself.|Thich Nhat Hanh
Because you are alive, everything is possible.|Thich Nhat Hanh
Waking up this morning, I smile. Twenty-four brand new hours are before me. I vow to live fully in each moment and to look at all beings with eyes of compassion.|Thich Nhat Hanh
Life is available only in the present moment.|Thich Nhat Hanh
Hope is important because it can make the present moment less difficult to bear. If we believe that tomorrow will be better, we can bear a hardship today.|Thich Nhat Hanh
The past is gone, the future is not yet here, and if we do not go back to ourselves in the present moment, we cannot be in touch with life.|Thich Nhat Hanh
When you love someone, the best thing you can offer is your presence. How can you love if you are not there?|Thich Nhat Hanh
I promise myself that I will enjoy every minute of the day that is given me to live.|Thich Nhat Hanh
Because of your smile, you make life more beautiful.|Thich Nhat Hanh
Smile, breathe and go slowly.|Thich Nhat Hanh
Fear keeps us focused on the past or worried about the future. If we can acknowledge our fear, we can realize that right now we are okay. Right now, today, we are still alive, and our bodies are working marvelously. Our eyes can still see the beautiful sky. Our ears can still hear the voices of our loved ones.|Thich Nhat Hanh
Every breath we take, every step we make, can be filled with peace, joy and serenity.|Thich Nhat Hanh
People have a hard time letting go of their suffering. Out of a fear of the unknown, they prefer suffering that is familiar.|Thich Nhat Hanh
It's very important that we re-learn the art of resting and relaxing. Not only does it help prevent the onset of many illnesses that develop through chronic tension and worrying; it allows us to clear our minds, focus, and find creative solutions to problems.|Thich Nhat Hanh
Meditation can help us embrace our worries, our fear, our anger; and that is very healing. We let our own natural capacity of healing do the work.|Thich Nhat Hanh
If you truly get in touch with a piece of carrot, you get in touch with the soil, the rain, the sunshine. You get in touch with Mother Earth and eating in such a way, you feel in touch with true life, your roots, and that is meditation. If we chew every morsel of our food in that way we become grateful and when you are grateful, you are happy.|Thich Nhat Hanh
Enlightenment is always there. Small enlightenment will bring great enlightenment. If you breathe in and are aware that you are alive - that you can touch the miracle of being alive - then that is a kind of enlightenment.|Thich Nhat Hanh
Changing is not just changing the things outside of us. First of all we need the right view that transcends all notions including of being and non-being, creator and creature, mind and spirit. That kind of insight is crucial for transformation and healing.|Thich Nhat Hanh
True self is non-self, the awareness that the self is made only of non-self elements. There's no separation between self and other, and everything is interconnected. Once you are aware of that you are no longer caught in the idea that you are a separate entity.|Thich Nhat Hanh
We need enlightenment, not just individually but collectively, to save the planet. We need to awaken ourselves. We need to practice mindfulness if we want to have a future, if we want to save ourselves and the planet.|Thich Nhat Hanh
Fearlessness is not only possible, it is the ultimate joy. When you touch nonfear, you are free.|Thich Nhat Hanh
People sacrifice the present for the future. But life is available only in the present. That is why we should walk in such a way that every step can bring us to the here and the now.|Thich Nhat Hanh
We have more possibilities available in each moment than we realize.|Thich Nhat Hanh
When you understand the roots of anger in yourself and in the other, your mind will enjoy true peace, joy and lightness.|Thich Nhat Hanh
When you feel anger arising, remember to return to your breathing and follow it. The other person may see that you are practicing, and she may even apologize.|Thich Nhat Hanh
Your first love has no beginning or end. Your first love is not your first love, and it is not your last. It is just love. It is one with everything.|Thich Nhat Hanh
The quality of our life depends on the quality of the seeds that lie deep in our consciousness.|Thich Nhat Hanh
The present moment contains past and future. The secret of transformation, is in the way we handle this very moment.|Thich Nhat Hanh
Seeds can produce seeds, Seeds can produce formations. Formations can produce seeds. Formations can produce formations.|Thich Nhat Hanh
One included all, and all were contained in one.|Thich Nhat Hanh
The leaf and his body were one. Neither possessed a separate permanent self. Neither could exist independently from the rest of the universe.|Thich Nhat Hanh
Contemplating the bowl, it is possible to see the interdependent elements which give rise to the bowl.|Thich Nhat Hanh
Freedom from suffering is a great happiness.|Thich Nhat Hanh
The Buddha also counseled the monks and nuns to avoid wasting any precious time by engaging in idle conversation, oversleeping, pursuing fame and recognition, chasing after desires, spending time with people of poor character, and being satisfied with only a shallow understanding of the teaching.|Thich Nhat Hanh
The same clouds that Buddha had seen were in the sky. Each serene step brought to life the old path and white clouds of the Buddha. The path of Buddha was beneath his very feet.|Thich Nhat Hanh
Venerable Svasti and the young buffalo boys were rivers that flowed from that source. Wherever the rivers flowed, the Buddha would be there.|Thich Nhat Hanh
If in our daily life we can smile, if we can be peaceful and happy, not only we, but everyone will profit from it. If we really know how to live, what better way to start the day than with a smile? Our smile affirms our awareness and determination to live in peace and joy. The source of a true smile is an awakened mind.|Thich Nhat Hanh
The miracle is not to walk on water. The miracle is to walk on the green earth in the present moment, to appreciate the peace and beauty that are available now.|Thich Nhat Hanh
In order to rally people, governments need enemies. They want us to be afraid, to hate, so we will rally behind them. And if they do not have a real enemy, they will invent one in order to mobilize us.|Thich Nhat Hanh
To think in terms of either pessimism or optimism oversimplifies the truth. The problem is to see reality as it is. A pessimistic attitude can never create the calm and serene smile which blossoms on the lips of Bodhisattvas and all those who obtain the way.|Thich Nhat Hanh
Reality is reality. It transcends every concept. There is no concept which can adequately describe it, not even the concept of interdependence.|Thich Nhat Hanh
Drink your tea slowly and reverently, as if it is the axis on which the whole earth revolves-slowly, evenly, without rushing toward the future. Live the actual moment. Only this actual moment is life.|Thich Nhat Hanh
It's wonderful to be alive and to walk on earth.|Thich Nhat Hanh
You are a miracle, and everything you touch could be a miracle.|Thich Nhat Hanh
If you look deeply into the palm of your hand, you will see your parents and all generations of your ancestors. All of them are alive in this moment. Each is present in your body. You are the continuation of each of these people.|Thich Nhat Hanh
Going vegetarian may be the most effective way to fight global warming. Buddhist practitioners have practiced vegeterianism over the last 2000 years. We are vegetarian with the intention to nourish our compassion towards the animals. Now we also know that we eat vegetarian in order to protect the earth.|Thich Nhat Hanh
Love is the capacity to take care, to protect, to nourish. If you are not capable of generating that kind of energy toward yourself - if you are not capable of taking care of yourself, of nourishing yourself, of protecting yourself - it is very difficult to take care of another person.|Thich Nhat Hanh
You carry Mother Earth within you. She is not outside of you. Mother Earth is not just your environment. In that insight of inter-being, it is possible to have real communication with the Earth, which is the highest form of prayer.|Thich Nhat Hanh
When we recognise the virtues, the talent, the beauty of Mother Earth, something is born in us, some kind of connection, love is born.|Thich Nhat Hanh
Breathe in deeply to bring your mind home to your body. Then look at, or think of, the person triggering this emotion: With mindfulness, you can see that she is unhappy, that she is suffering. You can see her wrong perceptions. You can see that she is not beautiful when she says things that are unkind.|Thich Nhat Hanh
There is no way to happiness - happiness is the way.|Thich Nhat Hanh
In the past there were people who were not rich but contented with their living style, laughing and happy all day. But when the new rich people appear, people look at them and ask, 'why don't I have a life like that too, a beautiful house, car and garden,' and they abandon their values.|Thich Nhat Hanh
The situation the Earth is in today has been created by unmindful production and unmindful consumption. We consume to forget our worries and our anxieties. Tranquilising ourselves with over-consumption is not the way.|Thich Nhat Hanh
You practice mindfulness, on the one hand, to be calm and peaceful. On the other hand, as you practice mindfulness and live a life of peace, you inspire hope for a future of peace.|Thich Nhat Hanh
We humans have lost the wisdom of genuinely resting and relaxing. We worry too much. We don't allow our bodies to heal, and we don't allow our minds and hearts to heal.|Thich Nhat Hanh
Mindfulness helps you go home to the present. And every time you go there and recognize a condition of happiness that you have, happiness comes.|Thich Nhat Hanh
Compassionate listening is to help the other side suffer less. If we realize that other people are the same people as we are, we are no longer angry at them.|Thich Nhat Hanh
When you look at the sun during your walking meditation, the mindfulness of the body helps you to see that the sun is in you; without the sun there is no life at all and suddenly you get in touch with the sun in a different way.|Thich Nhat Hanh
In order to heal others, we first need to heal ourselves. And to heal ourselves, we need to know how to deal with ourselves.|Thich Nhat Hanh
If you can feel that Mother Earth is in you, and you are Mother Earth, then you are not any longer afraid to die because the earth is not dying. Like a wave appears and disappears and appears again.|Thich Nhat Hanh
Let us fill our hearts with our own compassion - towards ourselves and towards all living beings.|Thich Nhat Hanh
Every thought you produce, anything you say, any action you do, it bears your signature.|Thich Nhat Hanh
If you have the insight of non-self, if you have the insight of impermanence, you should make that insight into a concentration that you keep alive throughout the day. Then what you say, what you think, and what you do will then be in the light of that wisdom and you will avoid making mistakes and creating suffering.|Thich Nhat Hanh
We will be more successful in all our endeavors if we can let go of the habit of running all the time, and take little pauses to relax and re-center ourselves. And we'll also have a lot more joy in living.|Thich Nhat Hanh
We fear that this moment will end, that we won't get what we need, that we will lose what we love, or that we will not be safe. Often, our biggest fear is the knowledge that one day our bodies will cease functioning. So even when we are surrounded by all the conditions for happiness, our joy is not complete.|Thich Nhat Hanh
It is possible to live happily in the here and the now. So many conditions of happiness are available - more than enough for you to be happy right now. You don't have to run into the future in order to get more.|Thich Nhat Hanh
Listening to and understanding our inner sufferings will resolve most of the problems we encounter.|Thich Nhat Hanh
There are many, many Christians who practice Buddhism, and they become better and better Christians all the time.|Thich Nhat Hanh
If we are peaceful, if we are happy, we can smile, and everyone in our family, our entire society, will benefit from our peace.|Thich Nhat Hanh
People suffer because they are caught in their views. As soon as we release those views, we are free and we don't suffer anymore.|Thich Nhat Hanh
To meditate means to go home to yourself. Then you know how to take care of the things that are happening inside you, and you know how to take care of the things that happen around you.|Thich Nhat Hanh
Freedom is not given to us by anyone; we have to cultivate it ourselves. It is a daily practice... No one can prevent you from being aware of each step you take or each breath in and breath out.|Thich Nhat Hanh
Many people are alive but don't touch the miracle of being alive.|Thich Nhat Hanh
Anger is like a storm rising up from the bottom of your consciousness. When you feel it coming, turn your focus to your breath.|Thich Nhat Hanh
Fear, separation, hate and anger come from the wrong view that you and the Earth are two separate entities, the Earth is only the environment. You are in the centre and you want to do something for the Earth in order for you to survive. That is a dualistic way of seeing.|Thich Nhat Hanh
When we have peace, then we have a chance to save the planet. But if we are not united in peace, if we do not practice mindful consumption, we cannot save our planet.|Thich Nhat Hanh
You are a child of the sun, you come from the sun, and that is something true with the Earth also... your relationship with the Earth is so deep, and the Earth is in you and this is something not very difficult, much less difficult then philosophy.|Thich Nhat Hanh
Mother Earth is very talented. She has produced Buddhas, bodhisattvas, great beings.|Thich Nhat Hanh
You know that your happiness and suffering depend on the happiness and suffering of others. That insight helps you not to do wrong things that will bring suffering to yourself and to other people.|Thich Nhat Hanh
With compassion you can die for other people, like the mother who can die for her child. You have the courage to say it because you are not afraid of losing anything, because you know that understanding and love is the foundation of happiness. But if you have fear of losing your status, your position, you will not have the courage to do it.|Thich Nhat Hanh
Buddhism teaches us not to try to run away from suffering. You have to confront suffering. You have to look deeply into the nature of suffering in order to recognize its cause, the making of the suffering.|Thich Nhat Hanh
When you learn about the teaching and the practice of another tradition, you always have a chance to understand your own teaching and practice.|Thich Nhat Hanh
Civilisations have been destroyed many times, and this civilisation is no different. It can be destroyed. We can think of time in terms of millions of years and life will resume little by little. The cosmos operates for us very urgently, but geological time is different.|Thich Nhat Hanh
We have to continue to learn. We have to be open. And we have to be ready to release our knowledge in order to come to a higher understanding of reality.|Thich Nhat Hanh
You accept that this civilisation could be abolished and life will begin later on after a few thousand years because that is something that has happened in the history of this planet. When you have peace in yourself and accept, then you are calm enough to do something, but if you are carried by despair there is no hope.|Thich Nhat Hanh
We can continue to learn generation after generation and now is time to begin to learn how to love in a non-discriminatory way because we are intelligent enough, but we are not loving enough as a species.|Thich Nhat Hanh
Most of us experience a life full of wonderful moments and difficult moments. But for many of us, even when we are most joyful, there is fear behind our joy.|Thich Nhat Hanh
There are many levels of Christianity. There are many notions about God. To believe that God is a person is just one of the notions of God that you can find in Christianity. So, we should not say that there is one Christianity. There are many Christianities.|Thich Nhat Hanh
If you're a politician, you might want to learn the Buddhist way of negotiation. Restoring communication and bringing back reconciliation is clear and concrete in Buddhism.|Thich Nhat Hanh
Walk as if you are kissing the Earth with your feet.|Thich Nhat Hanh
When another person makes you suffer, it is because he suffers deeply within himself, and his suffering is spilling over. He does not need punishment; he needs help. That's the message he is sending.|Thich Nhat Hanh
Sometimes your joy is the source of your smile, but sometimes your smile can be the source of your joy.|Thich Nhat Hanh
People usually consider walking on water or in thin air a miracle. But I think the real miracle is not to walk either on water or in thin air, but to walk on earth. Every day we are engaged in a miracle which we don't even recognize: a blue sky, white clouds, green leaves, the black, curious eyes of a child -- our own two eyes. All is a miracle.|Thich Nhat Hanh
When you plant lettuce, if it does not grow well, you don't blame the lettuce. You look for reasons it is not doing well. It may need fertilizer, or more water, or less sun. You never blame the lettuce. Yet if we have problems with our friends or family, we blame the other person. But if we know how to take care of them, they will grow well, like the lettuce. Blaming has no positive effect at all, nor does trying to persuade using reason and argument. That is my experience. No blame, no reasoning, no argument, just understanding. If you understand, and you show that you understand, you can love, and the situation will change.|Thich Nhat Hanh
Letting go gives us freedom, and freedom is the only condition for happiness. If, in our heart, we still cling to anything - anger, anxiety, or possessions - we cannot be free.|Thich Nhat Hanh
Feelings come and go like clouds in a windy sky. Conscious breathing is my anchor.|Thich Nhat Hanh
The seed of suffering in you may be strong, but don't wait until you have no more suffering before allowing yourself to be happy.|Thich Nhat Hanh
Many people think excitement is happiness.... But when you are excited you are not peaceful. True happiness is based on peace.|Thich Nhat Hanh
Through my love for you, I want to express my love for the whole cosmos, the whole of humanity, and all beings. By living with you, I want to learn to love everyone and all species. If I succeed in loving you, I will be able to love everyone and all species on Earth... This is the real message of love.|Thich Nhat Hanh
My actions are my only true belongings.|Thich Nhat Hanh
Breathing in, I calm body and mind. Breathing out, I smile. Dwelling in the present moment I know this is the only moment.|Thich Nhat Hanh
If you love someone but rarely make yourself available to him or her, that is not true love.|Thich Nhat Hanh
Drink your tea slowly and reverently, as if it is the axis on which the world earth revolves - slowly, evenly, without rushing toward the future.|Thich Nhat Hanh
For things to reveal themselves to us, we need to be ready to abandon our views about them.|Thich Nhat Hanh
By eating meat we share the responsibility of climate change, the destruction of our forests, and the poisoning of our air and water. The simple act of becoming a vegetarian will make a difference in the health of our planet.|Thich Nhat Hanh
Our own life has to be our message.|Thich Nhat Hanh
We are here to awaken from our illusion of separateness.|Thich Nhat Hanh
You must love in such a way that the person you love feels free.|Thich Nhat Hanh
Suffering is not enough. Life is both dreadful and wonderful...How can I smile when I am filled with so much sorrow? It is natural--you need to smile to your sorrow because you are more than your sorrow.|Thich Nhat Hanh
The source of love is deep in us and we can help others realize a lot of happiness. One word, one action, one thought can reduce another person's suffering and bring that person joy.|Thich Nhat Hanh
The present moment is filled with joy and happiness. If you are attentive, you will see it.|Thich Nhat Hanh
The mind can go in a thousand directions, but on this beautiful path, I walk in peace. With each step, the wind blows. With each step, a flower blooms.|Thich Nhat Hanh
When we are mindful, deeply in touch with the present moment, our understanding of what is going on deepens, and we begin to be filled with acceptance, joy, peace and love.|Thich Nhat Hanh
When you say something really unkind, when you do something in retaliation your anger increases. You make the other person suffer, and he will try hard to say or to do something back to get relief from his suffering. That is how conflict escalates.|Thich Nhat Hanh
Compassion is a verb.|Thich Nhat Hanh
We often think of peace as the absence of war, that if powerful countries would reduce their weapon arsenals, we could have peace. But if we look deeply into the weapons, we see our own minds- our own prejudices, fears and ignorance. Even if we transport all the bombs to the moon, the roots of war and the roots of bombs are still there, in our hearts and minds, and sooner or later we will make new bombs. To work for peace is to uproot war from ourselves and from the hearts of men and women. To prepare for war, to give millions of men and women the opportunity to practice killing day and night in their hearts, is to plant millions of seeds of violence, anger, frustration, and fear that will be passed on for generations to come.|Thich Nhat Hanh
If you love someone, the greatest gift you can give them is your presence.|Thich Nhat Hanh
Feelings, whether of compassion or irritation, should be welcomed, recognized, and treated on an absolutely equal basis; because both are ourselves. The tangerine I am eating is me. The mustard greens I am planting are me. I plant with all my heart and mind. I clean this teapot with the kind of attention I would have were I giving the baby Buddha or Jesus a bath. Nothing should be treated more carefully than anything else. In mindfulness, compassion, irritation, mustard green plant, and teapot are all sacred.|Thich Nhat Hanh
I have noticed that people are dealing too much with the negative, with what is wrong. ... Why not try the other way, to look into the patient and see positive things, to just touch those things and make them bloom?|Thich Nhat Hanh
Keeping your body healthy is an expression of gratitude to the whole cosmos - the trees, the clouds, everything.|Thich Nhat Hanh
The secret of Buddhism is to remove all ideas, all concepts, in order for the truth to have a chance to penetrate, to reveal itself.|Thich Nhat Hanh
If you suffer and make your loved ones suffer, there is nothing that can justify your desire.|Thich Nhat Hanh
The wave does not need to die to become water. She is already water.|Thich Nhat Hanh
Usually when we hear or read something new, we just compare it to our own ideas. If it is the same, we accept it and say that it is correct. If it is not, we say it is incorrect. In either case, we learn nothing.|Thich Nhat Hanh
It is said that God has created man in his own image. But it may be that humankind has created God in the image of humankind.|Thich Nhat Hanh
It is my conviction that there is no way to peace - peace is the way.|Thich Nhat Hanh
My actions are my only true belongings. I cannot escape the consequences of my actions. My actions are the ground on which I stand.|Thich Nhat Hanh
Thanks to impermanence, everything is possible.|Thich Nhat Hanh
Around us, life bursts with miracles--a glass of water, a ray of sunshine, a leaf, a caterpillar, a flower, laughter, raindrops. If you live in awareness, it is easy to see miracles everywhere. Each human being is a multiplicity of miracles. Eyes that see thousands of colors, shapes, and forms; ears that hear a bee flying or a thunderclap; a brain that ponders a speck of dust as easily as the entire cosmos; a heart that beats in rhythm with the heartbeat of all beings. When we are tired and feel discouraged by life's daily struggles, we may not notice these miracles, but they are always there.|Thich Nhat Hanh
Root out the violence in your life, and learn to live compassionately and mindfully. Seek peace. When you have peace within, real peace with others is possible.|Thich Nhat Hanh
In true love, you attain freedom.|Thich Nhat Hanh
If in our daily life we can smile, if we can be peaceful and happy, not only we, but everyone will profit from it. This is the most basic kind of peace work.|Thich Nhat Hanh
The most precious gift we can offer anyone is our attention. When mindfulness embraces those we love, they will bloom like flowers.|Thich Nhat Hanh
To dwell in the here and now does not mean you never think about the past or responsibly plan for the future. The idea is simply not to allow yourself to get lost in regrets about the past or worries about the future. If you are firmly grounded in the present moment, the past can be an object of inquiry, the object of your mindfulness and concentration. You can attain many insights by looking into the past. But you are still grounded in the present moment.|Thich Nhat Hanh
Peace is present right here and now, in ourselves and in everything we do and see. Every breath we take, every step we take, can be filled with peace, joy, and serenity. The question is whether or not we are in touch with it. We need only to be awake, alive in the present moment.|Thich Nhat Hanh
If our love is only a will to possess, it is not love.|Thich Nhat Hanh
When we walk like (we are rushing), we print anxiety and sorrow on the earth. We have to walk in a way that we only print peace and serenity on the earth... Be aware of the contact between your feet and the earth. Walk as if you are kissing the earth with your feet.|Thich Nhat Hanh
When you begin to see that your enemy is suffering, that is the beginning of insight.|Thich Nhat Hanh
Until there is peace between religions, there can be no peace in the world.|Thich Nhat Hanh
Breathing in, there is only the present moment. Breathing out, it is a wonderful moment.|Thich Nhat Hanh
At any moment, you have a choice, that either leads you closer to your spirit or further away from it.|Thich Nhat Hanh
A real love letter is made of insight, understanding, and compassion. Otherwise it's not a love letter. A true love letter can produce a transformation in the other person, and therefore in the world. But before it produces a transformation in the other person, it has to produce a transformation within us. Some letters may take the whole of our lifetime to write.|Thich Nhat Hanh
Attachment to views is the greatest impediment to the spiritual path.|Thich Nhat Hanh
If we are not fully ourselves, truly in the present moment, we miss everything.|Thich Nhat Hanh
Each moment is a chance for us to make peace with the world, to make peace possible for the world, to make happiness possible for the world.|Thich Nhat Hanh
From time to time, to remind ourselves to relax and be peaceful, we may wish to set aside some time for a retreat, a day of mindfulness, when we can walk slowly, smile, drink tea with a friend, enjoy being together as if we are the happiest people on Earth.|Thich Nhat Hanh
In modern society most of us don't want to be in touch with ourselves; we want to be in touch with other things like religion, sports, politics, a book - we want to forget ourselves. Anytime we have leisure, we want to invite something else to enter us, opening ourselves to the television and telling the television to come and colonize us.|Thich Nhat Hanh
Some people live as though they are already dead. There are people moving around us who are consumed by their past, terrified of their future, and stuck in their anger and jealousy. They are not alive; they are just walking corpses.|Thich Nhat Hanh
In true dialogue, both sides are willing to change.|Thich Nhat Hanh
I am determined to practice deep listening. I am determined to practice loving speech.|Thich Nhat Hanh
The kingdom of God is available to you in the here and the now. But the question is whether you are available to the kingdom. Our practice is to make ourselves ready for the kingdom so that it can manifest in the here and the now. You don't need to die in order to enter the kingdom of heaven. In fact, you have to be truly alive in order to do so.|Thich Nhat Hanh
If we are peaceful, if we are happy, we can smile and blossom like a flower, and everyone in our family, our entire society, will benefit from our peace.|Thich Nhat Hanh
Do not avoid contact with suffering or close your eyes before suffering. Do not lose awareness of the existence of suffering in the life of the world. Find ways to be with those who are suffering by all means, including personal contact and visits, images, sounds. By such means, ...awaken yourself and others to the reality of suffering in the world. If we get in touch with the suffering of the world, and are moved by that suffering, we may come forward to help the people who are suffering.|Thich Nhat Hanh
The miracle is not to walk on water. The miracle is to walk on the green earth, dwelling deeply in the present moment and feeling truly alive.|Thich Nhat Hanh
To live in the present moment is a miracle. The miracle is not to walk on water. The miracle is to walk on the green Earth in the present moment, to appreciate the peace and beauty that are available now.|Thich Nhat Hanh
Our notions about happiness entrap us. We forget that they are just ideas. Our idea of happiness can prevent us from actually being happy. We fail to see the opportunity for joy that is right in front of us when we are caught in a belief that happiness should take a particular form.|Thich Nhat Hanh
In mindfulness one is not only restful and happy, but alert and awake. Meditation is not evasion; it is a serene encounter with reality.|Thich Nhat Hanh
You are not an observer, you are a participant.|Thich Nhat Hanh
I would not look upon anger as something foreign to me that I have to fight... I have to deal with my anger with care, with love, with tenderness, with nonviolence.|Thich Nhat Hanh
If we do not know how to take care of ourselves and to love ourselves, we cannot take care of the people we love. Loving oneself is the foundation for loving another person.|Thich Nhat Hanh
Breath is the bridge which connects life to consciousness, which unites your body to your thoughts. Whenever your mind becomes scattered, use your breath as the means to take hold of your mind again.|Thich Nhat Hanh
Those who are without compassion cannot see what is seen with the eyes of compassion.|Thich Nhat Hanh
The fact is that when you make the other suffer, he will try to find relief by making you suffer more. The result is an escalation of suffering on both sides.|Thich Nhat Hanh
It is possible to live twenty-four hours a day in a state of love. Every movement, every glance, every thought, and every word can be infused with love.|Thich Nhat Hanh
Please don't wait until the doctors tell you that you are going to have a baby to begin to take care of it. It is already there. Whatever you are, whatever you do, your baby will get it. Anything you eat, any worries that are on your mind will be for him or her. Can you tell me that you cannot smile? Think of the baby, and smile for him, for her, for the future generations. Please don't tell me that a smile and your sorrow just don't go together. It's your sorrow, but what about your baby? It's not his sorrow, its not her sorrow.|Thich Nhat Hanh
There is no enlightenment outside of daily life.|Thich Nhat Hanh
Being rich is an obstacle to loving. When you are rich, you want to continue to be rich, and so you end up devoting all your time, all your energy, in your daily life to stay rich.|Thich Nhat Hanh
I am inviting you to go deeper, to learn and to practice so that you become someone who has a great capacity for being solid, calm, and without fear, because our society needs people like you who have these qualities, and your children, our children, need people like you, in order to go on, in order to become solid, and calm, and without fear.|Thich Nhat Hanh
We have negative mental habits that come up over and over again. One of the most significant negative habits we should be aware of is that of constantly allowing our mind to run off into the future. Perhaps we got this from our parents. Carried away by our worries, we're unable to live fully and happily in the present. Deep down, we believe we can't really be happy just yetthat we still have a few more boxes to be checked off before we can really enjoy life. We speculate, dream, strategize, and plan for these "conditions of happiness" we want to have in the future; and we continually chase after that future, even while we sleep. We may have fears about the future because we don't know how it's going to turn out, and these worries and anxieties keep us from enjoying being here now.|Thich Nhat Hanh
Guarding knowledge is not a good way to understand. Understanding means to throw away your knowledge.|Thich Nhat Hanh
Being vegetarian here also means that we do not consume dairy and egg products, because they are products of the meat industry. If we stop consuming, they will stop producing. Only collective awakening can create enough determination for action.|Thich Nhat Hanh
Only the present moment contains life.|Thich Nhat Hanh
A human being is like a television set with millions of channels.... We cannot let just one channel dominate us. We have the seed of everything in us, and we have to recover our own sovereignty.|Thich Nhat Hanh
As long as you find something beautiful, good, and true to believe in and abide by, you have the equivalent of God in your life.|Thich Nhat Hanh
May our heart's garden of awakening bloom with hundreds of flowers.|Thich Nhat Hanh
If you touch one thing with deep awareness, you touch everything.|Thich Nhat Hanh
Awareness is like the sun. When it shines on things, they are transformed.|Thich Nhat Hanh
An oak tree is an oak tree. That is all it has to do. If an oak tree is less than an oak tree, then we are all in trouble.|Thich Nhat Hanh
Your breathing should flow gracefully, like a river, like a watersnake crossing the water, and not like a chain of rugged mountains or the gallop of a horse. To master our breath is to be in control of our bodies and minds. Each time we find ourselves dispersed and find it difficult to gain control of ourselves by different means, the method of watching the breath should always be used.|Thich Nhat Hanh
We who have touched war have a duty to bring the truth about war to those who have not had a direct experience of it. We are the light at the tip of the candle. It is really hot, but it has the power of shining and illuminating. If we practice mindfulness, we will know how to look deeply into the nature of war and, with our insight, wake people up so that together we can avoid repeating the same horrors again and again.|Thich Nhat Hanh
Anxiety, the illness of our time, comes primarily from our inability to dwell in the present moment.|Thich Nhat Hanh
Life can be found only in the present moment. The past is gone, the future is not yet here, and if we do not go back to ourselves in the present moment, we cannot be in touch with life.|Thich Nhat Hanh